{
    "loss": 3.9351181983947754,
    "accuracy": 0.6618704795837402
}